Date,Actual_Close,Predicted_GANN,Predicted_GADAM,Predicted_ADAM
2022-01-05,6662.3,6692.944797338261,6701.985002102867,6840.167199482949
2022-01-06,6653.35,6663.930406516503,6673.303202172083,6840.167199482949
2022-01-07,6701.32,6653.524525494138,6663.336567623477,6840.167199482949
2022-01-10,6691.12,6697.759113993659,6706.795000823156,6840.167199482949
2022-01-11,6647.97,6691.208147107675,6700.018609282985,6840.167199482949
2022-01-12,6647.06,6650.2872247497835,6659.9505696047945,6840.167199482949
2022-01-13,6658.36,6646.7635763895605,6656.808799942742,6840.167199482949
2022-01-14,6693.4,6657.257903977941,6667.1101326380785,6840.167199482949
2022-01-17,6645.05,6690.674739914252,6699.808827447609,6840.167199482949
2022-01-18,6614.06,6647.702145518074,6657.398023557822,6840.167199482949
2022-01-19,6591.98,6615.770782682901,6626.426897094405,6840.167199482949
2022-01-20,6626.87,6593.234416024464,6604.545376322348,6840.167199482949
2022-01-21,6726.37,6624.442657240337,6635.321028958418,6840.167199482949
2022-01-24,6655.17,6719.507143991905,6728.322518787999,6840.167199482949
2022-01-25,6568.17,6659.194245779376,6668.430942447346,6840.167199482949
2022-01-26,6600.82,6575.971704952587,6585.5381330107175,6840.167199482949
2022-01-27,6611.16,6598.644465517479,6610.187349996125,6840.167199482949
2022-01-28,6645.51,6610.32215618879,6621.4046537643735,6840.167199482949
2022-01-31,6631.15,6643.035246270009,6653.419990095059,6840.167199482949
2022-02-02,6707.65,6631.756082263745,6642.104757109889,6840.167199482949
2022-02-03,6683.85,6702.293669823423,6711.405262724774,6840.167199482949
2022-02-04,6731.39,6684.812457822277,6693.69841922225,6840.167199482949
2022-02-07,6804.94,6727.725312164146,6735.968573486229,6840.167199482949
2022-02-08,6789.52,6799.344432581094,6805.8783992135795,6845.103038862976
2022-02-09,6834.61,6789.504737567927,6795.68923587146,6855.477408008609
2022-02-10,6823.64,6830.649358698756,6836.163646248014,6866.9150751388415
2022-02-11,6815.61,6823.200972347289,6828.527959765226,6872.7818561572185
2022-02-14,6734.49,6815.023604783444,6820.586191151768,6867.875052951609
2022-02-15,6807.5,6738.784888485392,6745.856360471269,6840.167199482949
2022-02-16,6850.2,6801.926790479449,6808.3890069926065,6846.584219884905
2022-02-17,6835.12,6846.319869174989,6851.404845379624,6875.747295053041
2022-02-18,6892.82,6834.885873582394,6839.876811882885,6879.777324728406
2022-02-21,6902.96,6887.825412797965,6891.9193065435065,6895.387125554123
2022-02-22,6861.99,6900.868731247225,6904.293448474446,6910.757733459513
2022-02-23,6920.06,6863.243718492423,6867.3101791292775,6899.555199873485
2022-02-24,6817.82,6914.924282280843,6918.306621689837,6909.86823882703
2022-02-25,6888.17,6823.062177882224,6827.768313456804,6888.768222293891
2022-03-01,6921.44,6882.411652983464,6886.734759272374,6890.255117469467
2022-03-02,6868.4,6917.835165230076,6920.971097922962,6915.794824539464
2022-03-04,6928.33,6870.373870440757,6874.1698783755655,6905.506503825227
2022-03-07,6869.07,6923.043189657372,6926.224266749662,6913.8989924675625
2022-03-08,6814.18,6871.426438227331,6875.152143973148,6907.166038837472
2022-03-09,6864.44,6816.50372571352,6821.7066565287405,6876.9155421311025
2022-03-10,6924.01,6860.029571705494,6864.80502694491,6881.776089133657
2022-03-11,6922.6,6918.764193531912,6922.055597744625,6911.665456500689
2022-03-14,6952.2,6921.139264689129,6923.9507834190545,6923.671048449319
2022-03-15,6918.19,6948.689164471671,6950.986926491305,6933.002468202752
2022-03-16,6992.4,6918.768614890616,6921.419568488639,6928.1351728105965
2022-03-17,6964.38,6985.9503071618565,6987.571394452501,6945.1535254383525
2022-03-18,6954.96,6964.387004632996,6965.876821525143,6951.568218809411
2022-03-21,6955.18,6953.85525063102,6955.749867475673,6942.64190927927
2022-03-22,7000.82,6953.476901263043,6955.447456882641,6940.742483237429
2022-03-23,6996.12,6996.104280625631,6997.262288767745,6955.631447458908
2022-03-24,7049.69,6994.544239112188,6995.3989058489105,6963.652438546465
2022-03-25,7002.53,7044.270872623975,7044.213834511097,6980.090946786451
2022-03-28,7049.6,7003.5576054537805,7003.884217168144,6975.962380280542
2022-03-29,7011.69,7044.5839875591355,7044.474306836183,6981.402875094462
2022-03-30,7053.19,7012.104686515383,7012.269388591103,6978.922570428896
2022-03-31,7071.44,7048.50363840228,7048.252525912579,6984.487018421936
2022-04-01,7078.76,7068.115285973607,7067.1881968641865,6999.105478229572
2022-04-04,7116.22,7076.080867869913,7074.869105314076,7005.30458511596
2022-04-05,7148.3,7111.510533820454,7109.571393117967,7019.018864140563
2022-04-06,7104.22,7143.78479758627,7140.958334146804,7037.289831644351
2022-04-07,7127.37,7104.615644695821,7102.300248953166,7029.666478425318
2022-04-08,7210.83,7123.499035019939,7121.146044800345,7027.972244796806
2022-04-11,7203.79,7202.859579618051,7198.827972732855,7059.958680696544
2022-04-12,7214.78,7201.458293323591,7196.844411596133,7075.131904670059
2022-04-13,7262.78,7211.283328042105,7206.5338579810405,7077.233006722986
2022-04-14,7235.53,7256.781591278394,7251.08646757253,7095.142974166931
2022-04-18,7275.29,7234.313073730546,7228.695052315074,7096.324071626725
2022-04-19,7199.23,7269.748014284454,7263.654709736189,7103.553122388186
2022-04-20,7227.36,7201.19518369682,7196.11599921353,7087.136229679645
2022-04-21,7276.19,7222.746592512207,7217.812356197909,7080.370206354916
2022-04-22,7225.61,7270.08202078589,7264.042082812867,7102.13637426621
2022-04-25,7215.98,7225.881827095824,7220.326428667383,7095.903758134903
2022-04-26,7232.15,7213.755927649811,7208.80028265126,7082.188858568728
2022-04-27,7196.76,7228.257001676636,7223.095750570374,7085.432687927545
2022-04-28,7228.91,7196.215647847725,7191.545917378737,7077.306540899336
2022-05-09,6909.75,7224.040783673601,7219.0999799609945,7080.35743354088
2022-05-10,6819.79,6928.035860303086,6928.491441240949,6973.125057363557
2022-05-11,6816.2,6824.262693122059,6829.021186891824,6887.251696258224
2022-05-12,6599.84,6815.3359181857395,6820.9206630593835,6867.261363192235
2022-05-13,6597.99,6613.099790763264,6622.557904421097,6840.167199482949
2022-05-17,6644.47,6597.964697776589,6609.289429572602,6840.167199482949
2022-05-18,6793.41,6641.248073613056,6651.76290492923,6840.167199482949
2022-05-19,6823.33,6783.192562835838,6790.668020313408,6840.167199482949
2022-05-20,6918.14,6820.3583748269375,6826.040053465396,6864.060558049117
2022-05-23,6840.77,6910.735885224978,6914.479948658984,6901.154800912181
2022-05-24,6914.14,6844.371472060712,6848.686226894292,6895.830243948736
2022-05-25,6883.5,6908.081854774991,6911.7491520452895,6903.502956078687
2022-05-27,7026.26,6884.02025187496,6887.609903880991,6908.889851614276
2022-05-30,7037.56,7015.415379228643,7016.729065737776,6948.90702627544
2022-05-31,7148.97,7034.812991669232,7034.7159286249225,6982.45241774087
2022-06-02,7148.72,7139.535794303483,7137.3642090702715,7021.049276166014
2022-06-03,7182.96,7146.206461073227,7143.095013916559,7044.2788879526215
2022-06-06,7096.58,7178.160577099394,7174.4430676735155,7055.3620189977255
2022-06-07,7141.04,7099.630110278191,7097.156683281722,7034.433892480189
2022-06-08,7193.31,7135.789119423694,7133.25808548457,7030.819341243559
2022-06-09,7182.83,7187.348367334676,7183.512127621245,7057.121099220571
2022-06-10,7086.65,7180.802377709221,7176.709285496544,7064.649561290798
2022-06-13,6995.44,7090.350428178371,7088.054476071657,7031.177238595539
2022-06-14,7049.88,6999.228138613751,6999.367424340894,6981.389895433235
2022-06-15,7007.05,7044.406098974999,7044.351491316612,6980.010457373309
2022-06-16,7050.33,7007.789698978713,7008.034399205497,6977.472132070708
2022-06-17,6936.97,7045.545723573025,7045.384693034943,6982.586041026163
2022-06-20,6976.38,6942.384410382552,6943.870116186781,6954.775022521064
2022-06-21,7044.07,6972.156391968774,6973.902828657078,6943.872960335656
2022-06-22,6984.31,7037.800278799588,7038.010332121904,6974.132920301007
2022-06-23,6998.27,6986.19748955493,6986.895366120983,6968.861005947636
2022-06-24,7042.94,6995.528495613982,6996.484931168606,6960.897182252453
2022-06-27,7016.06,7038.101655156667,7038.146282438094,6978.3455960459
2022-06-28,6996.46,7015.772190632872,7015.915690871529,6978.950236240673
2022-06-29,6942.35,6995.806058688213,6996.52555078571,6966.951754664229
2022-06-30,6911.58,6944.069387599273,6945.916067607446,6945.253174072548
2022-07-01,6794.33,6911.986483340899,6914.838337273042,6923.924513825816
2022-07-04,6639.17,6800.604261252907,6805.799487010268,6879.354529070294
2022-07-05,6703.27,6648.466626879582,6657.411520337026,6840.167199482949
2022-07-06,6646.41,6698.701083172873,6707.822501315789,6840.167199482949
2022-07-07,6652.59,6649.583601710209,6659.171673579674,6840.167199482949
2022-07-08,6740.22,6651.83022722588,6661.790449511568,6840.167199482949
2022-07-11,6722.15,6734.032638915201,6742.384016678353,6840.167199482949
2022-07-12,6718.29,6722.591235607582,6730.520851948578,6840.167199482949
2022-07-13,6640.99,6717.867388742286,6726.01873234393,6840.167199482949
2022-07-14,6690.09,6645.453774729231,6655.010813056091,6840.167199482949
2022-07-15,6651.9,6686.5078161823885,6695.847897661939,6840.167199482949
2022-07-18,6659.25,6653.892810453484,6663.495077211421,6840.167199482949
2022-07-19,6736.09,6658.388821602027,6668.184218996476,6840.167199482949
2022-07-20,6874.74,6730.589227873105,6738.957515394111,6840.167199482949
2022-07-21,6864.13,6864.807405687605,6870.0617380297535,6868.7866543776145
2022-07-22,6886.96,6863.493046925102,6867.760718166863,6894.346529048719
2022-07-25,6858.41,6884.151729120649,6888.103829116858,6899.551269776859
2022-07-26,6871.54,6858.909571734701,6863.175277928148,6895.043138675727
2022-07-27,6898.22,6869.399723595416,6873.674143226778,6893.339596923627
2022-07-28,6956.82,6895.124274486341,6898.813575126567,6904.763663851062
2022-07-29,6951.12,6951.49199561958,6953.9143055040095,6929.40381834392
2022-08-01,6968.78,6949.801407672807,6951.828277440116,6939.81128304009
2022-08-02,6988.16,6965.9371691930755,6967.698679870413,6944.361972950741
2022-08-03,7046.63,6985.12651236837,6986.394123665739,6954.359828497216
2022-08-04,7057.35,7040.92046525007,7040.985311844403,6977.430271370458
2022-08-05,7084.65,7054.552987922487,7053.931825808343,6993.150580307891
2022-08-08,7086.85,7080.707108717024,7079.510135735332,7004.2720039392025
2022-08-09,7102.88,7084.4530079198485,7082.985633947909,7010.699625259689
2022-08-10,7086.24,7099.556420966448,7097.785653877319,7016.373185145907
2022-08-11,7160.38,7085.013150112689,7083.402120766699,7014.315572714857
2022-08-12,7129.28,7153.205911452838,7150.419059250422,7034.945580718571
2022-08-15,7093.28,7128.762572062081,7125.899703517025,7040.343982129152
2022-08-16,7133.45,7093.2223462880265,7091.262520866455,7022.12896679049
2022-08-18,7186.56,7128.497859369581,7126.129614169662,7027.660474368387
2022-08-19,7172.43,7180.575621476244,7176.923579186272,7053.337812387999
2022-08-22,7107.98,7170.6737430263265,7166.822558603356,7059.85494683033
2022-08-23,7163.27,7109.621656985346,7107.034981151882,7035.938136963899
2022-08-24,7194.71,7157.251532235214,7154.229081082412,7040.434270927961
2022-08-25,7174.21,7190.033192160202,7185.983589569402,7062.22769095665
2022-08-26,7135.25,7172.840777621339,7168.888858616422,7062.139108647165
2022-08-29,7132.04,7135.19376149661,7132.107601409024,7045.179293774421
2022-08-30,7159.47,7129.78222528941,7127.083334854906,7035.983539922292
2022-08-31,7178.59,7155.194540345737,7152.035621758767,7044.232605893667
2022-09-01,7153.1,7174.746460790704,7171.01550629742,7056.190131726322
2022-09-02,7177.18,7152.131547143527,7148.6912646651945,7051.900844953117
2022-09-05,7231.88,7173.035213980745,7169.383275114367,7054.398731629904
2022-09-06,7233.15,7225.600411492663,7220.772804905252,7077.226542748272
2022-09-07,7186.76,7230.175974778013,7224.862173868494,7089.084730217517
2022-09-08,7232.02,7186.940671521497,7182.440090342831,7074.2636118746395
2022-09-09,7242.66,7226.3248420668415,7221.413514078931,7079.276553545057
2022-09-12,7254.46,7239.064095145542,7233.580162421542,7092.206830004515
2022-09-13,7318.02,7250.740981052001,7244.9572750366515,7098.270607116284
2022-09-14,7278.08,7310.817730876293,7303.805093988265,7121.410498933857
2022-09-15,7305.6,7277.464862433754,7270.622874478183,7121.720252602165
2022-09-16,7168.87,7300.685010961379,7293.692748521651,7122.313438633744
2022-09-19,7195.49,7174.726603460383,7169.929765392611,7080.049024379313
2022-09-20,7196.95,7191.108383858276,7186.997502787185,7063.653074948845
2022-09-21,7188.31,7194.121268328501,7189.758861073327,7069.697770407258
2022-09-22,7218.91,7186.144671819282,7181.923282636475,7067.193368043958
2022-09-23,7178.58,7214.1801712382585,7209.488566678837,7075.337252218782
2022-09-26,7127.5,7178.420635730099,7174.186060038875,7068.6238197923285
2022-09-27,7112.45,7128.228389191692,7125.242860262459,7043.573177049215
2022-09-28,7077.03,7111.010894430939,7108.725698378149,7027.990912755781
2022-09-29,7036.2,7077.006871031582,7075.478322002947,7013.322706198744
2022-09-30,7040.8,7036.689302537496,7036.186146745736,6992.63297106867
2022-10-03,7009.72,7038.454019346292,7038.215214264447,6985.585894123365
2022-10-04,7072.26,7009.719945251993,7009.9941729152715,6976.440610985803
2022-10-05,7075.38,7066.187004748641,7065.613882894574,6990.276723005821
2022-10-06,7076.62,7072.975781264364,7071.817126724778,7004.376927176764
2022-10-07,7026.78,7074.326907115042,7073.1197469092,7005.433037221483
2022-10-10,6994.4,7027.868510930592,7027.536107494884,6989.483619164277
2022-10-11,6939.15,6994.546928125669,6995.212226259162,6968.524775838899
2022-10-12,6909.21,6940.953906922384,6942.8748709279735,6943.781456309601
2022-10-13,6880.63,6909.575343204776,6912.49638752226,6922.484185124081
2022-10-14,6814.53,6881.035033216513,6884.7175078994405,6906.924958436528
2022-10-17,6831.12,6817.546856097012,6822.645613495737,6879.448101568258
2022-10-18,6834.49,6828.940619910985,6834.304943246872,6871.013028260504
2022-10-19,6860.42,6833.115261628658,6838.279098324807,6875.580240090525
2022-10-20,6980.65,6857.53476188067,6862.209456682239,6884.718257720507
2022-10-21,7017.77,6971.399434673833,6973.71886393671,6929.244701142353
2022-10-24,7053.04,7013.508713535122,7014.149784691385,6966.473110264586
2022-10-25,7048.38,7048.740323300417,7048.4403431618775,6985.710364420463
2022-10-26,7043.94,7046.574995194729,7046.058808029946,6991.574559848954
2022-10-27,7091.76,7042.140656828935,7041.74283796912,6989.155559519578
2022-10-28,7056.04,7086.51465387112,7085.305063210786,7003.778466541818
2022-10-31,7098.89,7056.126526215133,7055.146173954066,7002.167333772233
2022-11-01,7052.3,7093.9217483521115,7092.482971004309,7008.629033167414
2022-11-02,7015.69,7053.076409250554,7052.101952134427,7002.442854230454
2022-11-03,7034.57,7016.006755347304,7016.077548798375,6980.788357946324
2022-11-04,7045.53,7031.366090080792,7031.411855021769,6979.2683930761095
2022-11-07,7102.4,7042.769420577342,7042.460442586,6986.783151519943
2022-11-08,7050.13,7096.547673440041,7095.135682803453,7007.5715269041575
2022-11-09,7070.08,7051.267789125499,7050.30217472678,7002.471554278186
2022-11-10,6966.84,7066.655823906718,7065.778843529282,6998.0229434562225
2022-11-11,7089.21,6971.497712945389,6972.28543875997,6968.621683747815
2022-11-14,7019.39,7079.355879442751,7078.845070304929,6986.817152026941
2022-11-15,7035.5,7021.748729941897,7021.440889610105,6989.714512341071
2022-11-16,7014.38,7032.463724699074,7032.46155280357,6980.344980992722
2022-11-17,7044.99,7013.742502572588,7013.978928911738,6976.847194995332
2022-11-18,7082.18,7041.014011892135,7040.8857666338035,6982.383046364236
2022-11-21,7063.25,7077.634962526619,7076.586660963356,7000.8826058698205
2022-11-22,7030.59,7062.264820027409,7061.237513454018,7002.50764911299
2022-11-23,7054.12,7030.597342495972,7030.310600577646,6987.925206572462
2022-11-24,7080.52,7050.543203415927,7050.115391713437,6988.74398532157
2022-11-25,7053.15,7076.650835304319,7075.554596904575,7002.253071932843
2022-11-28,7017.36,7052.731646695193,7051.897845668849,6998.875671000531
2022-11-29,7012.07,7017.618715505652,7017.652586733155,6981.509297974158
2022-11-30,7081.31,7010.46159585481,7010.892717112354,6972.3004093254085
2022-12-01,7020.8,7074.782591476499,7074.028788601218,6993.71165331309
2022-12-02,7019.64,7022.575705010943,7022.309802947097,6988.520150805164
2022-12-05,6987.33,7017.742772108369,7018.010328949742,6975.482081103372
2022-12-06,6892.57,6987.50331587081,6988.354621340681,6964.731560341166
2022-12-07,6818.75,6897.024398637452,6899.832633668223,6927.153527754586
2022-12-08,6804.23,6822.22700649324,6827.149581797153,6883.318807194865
2022-12-09,6715.12,6804.095195437101,6809.901344372658,6863.150921671425
2022-12-12,6734.45,6719.994062279182,6727.506041213888,6840.167199482949
2022-12-13,6810.32,6732.520211039502,6740.4441002989015,6840.167199482949
2022-12-14,6801.75,6804.557317917374,6810.969761825232,6847.492951306137
2022-12-15,6751.86,6801.257200266746,6807.178873358396,6860.580509198342
2022-12-16,6812.19,6754.14422321888,6761.024645968102,6842.562231394084
2022-12-19,6779.7,6807.382230002908,6813.613889465956,6851.743919637236
2022-12-20,6768.32,6780.785171805049,6787.082634530689,6853.800730535421
2022-12-21,6820.66,6768.146368893408,6774.921312503243,6843.3017101013975
2022-12-22,6824.43,6816.310633860855,6822.25234527412,6857.942509405647
2022-12-23,6800.67,6823.074123307496,6828.505309997827,6870.1199396580805
2022-12-26,6835.81,6801.123214998868,6806.944463779358,6863.1815867674695
2022-12-27,6923.03,6832.460745404989,6837.859224383266,6869.638321830069
2022-12-28,6850.52,6916.075024915378,6919.626487758796,6905.356358620564
2022-12-29,6860.08,6853.777977344427,6857.878128217492,6900.024277590552
2022-12-30,6850.62,6858.210660932694,6862.755507410203,6887.961725096739
2023-01-02,6850.98,6849.9703601110305,6854.6022375440925,6886.8854474509135
2023-01-03,6888.76,6849.720281857285,6854.425926169786,6885.02315047983
2023-01-04,6813.24,6885.0174621820815,6889.049017355479,6897.385243561902
2023-01-05,6653.84,6816.8462388056805,6821.8989468485415,6880.72967505101
2023-01-06,6684.56,6663.335740234714,6671.859796618384,6840.167199482949
2023-01-09,6688.27,6682.14079364927,6691.470209570542,6840.167199482949
2023-01-10,6622.5,6687.508504107906,6696.5116573694495,6840.167199482949
2023-01-11,6584.45,6626.3294785314865,6636.469373458333,6840.167199482949
2023-01-12,6629.93,6586.726738377141,6598.0999111996625,6840.167199482949
2023-01-13,6641.83,6626.833119121349,6637.720967026361,6840.167199482949
2023-01-16,6688.06,6640.7624351927725,6651.053451384464,6840.167199482949
2023-01-17,6767.34,6684.664458657218,6694.033485815539,6840.167199482949
2023-01-18,6765.79,6761.552455359421,6769.121485334956,6840.167199482949
2023-01-19,6819.91,6765.01818004223,6771.942816378498,6840.167199482949
2023-01-20,6874.93,6815.453562525539,6821.430075978666,6857.169237038526
2023-01-24,6860.85,6870.179123810564,6874.719652352965,6886.386532026566
2023-01-25,6829.93,6860.442283563052,6864.766605079209,6893.319558602013
2023-01-26,6864.82,6830.700010404617,6835.692836185724,6880.317790582216
2023-01-27,6898.98,6861.3604006755695,6865.9956135195835,6885.195118063129
2023-01-30,6872.48,6895.417454523482,6899.150218929687,6903.604750752488
2023-01-31,6839.34,6872.791474551594,6876.705385385191,6902.1339638019
2023-02-01,6862.26,6840.206759008201,6844.933863716754,6885.811496835984
2023-02-02,6890.57,6859.553306048546,6864.154208114777,6886.331458962
2023-02-03,6911.73,6887.406443812884,6891.310270845927,6900.33403125886
2023-02-06,6873.79,6908.917750129143,6912.205767219107,6913.139113456051
2023-02-07,6935.3,6874.804744116103,6878.5873328394055,6905.227751379648
2023-02-08,6940.12,6929.88499662165,6932.896614152832,6917.293535860817
2023-02-09,6897.37,6938.197176842136,6940.601853003545,6931.731133655948
2023-02-10,6880.33,6898.580535910168,6901.703644077221,6918.836564192812
2023-02-13,6900.14,6880.021223422325,6883.809345307983,6904.3500470370445
2023-02-14,6941.85,6897.461699454822,6901.04237946395,6907.227265605966
2023-02-15,6914.54,6937.633595814747,6940.305544402642,6924.937056680959
2023-02-16,6895.66,6914.719245002906,6917.522748404186,6924.782541829389
2023-02-17,6895.71,6895.398760708608,6898.7690254128365,6912.928232744972
2023-02-20,6894.72,6894.275399470963,6897.804833088556,6908.994102598468
2023-02-21,6873.4,6893.354179650582,6896.900755729117,6908.682590729038
2023-02-22,6809.97,6873.386496351993,6877.320161092317,6901.541812006274
2023-02-23,6839.45,6812.84121178451,6818.0822024828485,6876.452333703077
2023-02-24,6856.58,6836.435727871687,6841.690706611307,6872.767997395432
2023-02-27,6854.78,6854.256751023564,6858.957611994777,6884.507221874035
2023-02-28,6843.24,6853.63763152543,6858.225295371447,6887.506040735282
2023-03-01,6844.94,6842.7512638706285,6847.55916826311,6883.37638828162
2023-03-02,6857.42,6843.623409194978,6848.498900907072,6881.5146859962115
2023-03-03,6813.64,6855.38122406486,6860.020677276288,6885.929115319885
2023-03-06,6807.0,6815.2775872779175,6820.58885430935,6874.302312289512
2023-03-07,6766.76,6806.364826238779,6812.165105885296,6862.982548058068
2023-03-08,6776.37,6768.381580005312,6774.952856699848,6848.5064766854375
2023-03-09,6799.79,6774.860706276321,6781.602347488428,6843.212196979554
2023-03-10,6765.3,6797.32332867923,6803.567528253225,6852.839563351306
2023-03-13,6786.96,6766.571589517616,6773.229897167706,6846.523070684108
2023-03-14,6641.81,6784.658023471261,6791.223947994735,6846.350766974124
2023-03-15,6628.14,6650.4748610077895,6659.43532618032,6840.167199482949
2023-03-16,6565.73,6628.716385226406,6639.149873884775,6840.167199482949
2023-03-17,6678.24,6572.615332138017,6582.331883584896,6840.167199482949
2023-03-20,6612.49,6670.779718155426,6680.968163996352,6840.167199482949
2023-03-21,6691.61,6616.361661075508,6626.764355358339,6840.167199482949
2023-03-24,6762.25,6686.160881731524,6695.71552838774,6840.167199482949
2023-03-27,6708.93,6757.019942145667,6764.649319789134,6840.167199482949
2023-03-28,6760.33,6711.61301487209,6719.590723184961,6840.167199482949
2023-03-29,6839.44,6756.3005663997155,6763.817264035963,6840.167199482949
2023-03-30,6808.95,6833.350214181573,6839.026101098688,6862.378321557675
2023-03-31,6805.28,6809.78434643033,6815.331315835743,6869.01501367632
2023-04-03,6827.17,6804.468244345811,6810.338826181321,6861.441872612868
2023-04-04,6833.18,6824.679335076243,6830.192200551063,6867.793012184536
2023-04-05,6819.67,6831.647370538742,6836.8679350769835,6874.327728638088
2023-04-06,6792.77,6819.405610809951,6824.815181968838,6871.191537386214
2023-04-10,6771.23,6793.452080078747,6799.453984024552,6859.616394441758
2023-04-11,6811.31,6771.673346200609,6778.285837197924,6846.982762709888
2023-04-12,6798.96,6807.760915497569,6813.844058677582,6855.510606982742
2023-04-13,6785.6,6798.713574504879,6804.676384331611,6859.880305601392
2023-04-14,6818.57,6785.474113206888,6791.778893151905,6852.951338402066
2023-04-17,6787.58,6815.43003365758,6821.262426330476,6860.878395009075
2023-04-18,6821.81,6788.538037221457,6794.641451426174,6857.698352152739
2023-04-26,6910.15,6818.577885919838,6824.33596873942,6862.346389522587
2023-04-27,6945.48,6903.181489688197,6907.08035238866,6898.238255521097
2023-04-28,6915.72,6941.643225185914,6944.1658818138085,6928.212042397899
2023-05-02,6863.3,6916.045937029164,6918.79770277683,6925.925812109154
2023-05-03,6812.72,6865.257608598505,6869.1926695573675,6902.651055923143
2023-05-04,6844.03,6814.782963932781,6820.060747575193,6875.233434919154
2023-05-05,6787.63,6840.882425357135,6846.03276527408,6874.83287533406
2023-05-08,6769.63,6790.162485778954,6796.049201695349,6863.04175806645
2023-05-09,6779.98,6769.860925258421,6776.545412006104,6845.3869624883255
2023-05-10,6811.9,6778.409182763422,6785.062383873487,6844.986739029916
2023-05-11,6755.94,6808.854051189451,6814.8525421566055,6857.533288094435
2023-05-12,6707.76,6758.5826856005415,6765.304624617718,6846.01285623196
2023-05-15,6711.74,6710.129558531063,6718.1815379134,6840.167199482949
2023-05-16,6676.56,6710.859961817877,6719.2496063113385,6840.167199482949
2023-05-17,6663.11,6678.259306112838,6687.240081093921,6840.167199482949
2023-05-19,6700.56,6663.521055925798,6673.038877318067,6840.167199482949
2023-05-22,6729.65,6697.6543329635415,6706.620990623847,6840.167199482949
2023-05-23,6736.68,6727.1362113645855,6735.268757727761,6840.167199482949
2023-05-24,6745.8,6735.502766540368,6743.263892916461,6840.167199482949
2023-05-25,6704.23,6744.45369088622,6751.993245137057,6840.167199482949
2023-05-26,6687.0,6706.205253626124,6714.40589149894,6840.167199482949
2023-05-29,6681.1,6687.541651370241,6696.400645067706,6840.167199482949
2023-05-30,6636.42,6680.965138856185,6690.074960628464,6840.167199482949
2023-05-31,6633.26,6638.882148980059,6648.835564700375,6840.167199482949
2023-06-05,6633.44,6633.162869400688,6643.551103772083,6840.167199482949
2023-06-06,6618.92,6633.135113093264,6643.546928044417,6840.167199482949
2023-06-07,6619.75,6619.589055778613,6630.257254590846,6840.167199482949
2023-06-08,6666.33,6619.4642234989315,6630.2407326714765,6840.167199482949
2023-06-09,6694.02,6663.007040656518,6672.949170276982,6840.167199482949
2023-06-12,6722.37,6691.747527013733,6700.803051398412,6840.167199482949
2023-06-13,6719.01,6719.933637043553,6728.250923804063,6840.167199482949
2023-06-14,6699.72,6718.553281099217,6726.689951478261,6840.167199482949
2023-06-15,6713.79,6700.334128816739,6708.841921840029,6840.167199482949
2023-06-16,6698.55,6712.275804983394,6720.697174664753,6840.167199482949
2023-06-19,6686.06,6698.918221011475,6707.49104162039,6840.167199482949
2023-06-20,6660.46,6686.312009460344,6695.235823896244,6840.167199482949
2023-06-21,6702.63,6661.635475717793,6671.11987836079,6840.167199482949
2023-06-22,6652.26,6699.422863517419,6708.375197009758,6840.167199482949
2023-06-23,6639.73,6655.006036178777,6664.495629393469,6840.167199482949
2023-06-26,6664.67,6640.18546727375,6650.324528347859,6840.167199482949
2023-06-27,6661.88,6662.695263764124,6672.497545291644,6840.167199482949
2023-07-03,6696.72,6661.635798916529,6671.276254837077,6840.167199482949
2023-07-04,6681.75,6693.992736918941,6703.038022367672,6840.167199482949
2023-07-05,6718.98,6682.1743804618845,6691.190267753615,6840.167199482949
2023-07-06,6757.33,6716.008052271622,6724.489549845774,6840.167199482949
2023-07-07,6716.46,6754.122310344598,6761.607088873707,6840.167199482949
2023-07-10,6731.04,6718.338819346147,6726.224493587035,6840.167199482949
2023-07-11,6796.92,6729.419351873416,6737.392457836289,6840.167199482949
2023-07-12,6808.21,6791.834509190347,6798.513915253904,6842.421549448402
2023-07-13,6810.21,6806.4584763044395,6812.378960024743,6859.877668299709
2023-07-14,6869.57,6809.025475798873,6814.814766688375,6862.890371778642
2023-07-17,6867.14,6864.573409802948,6869.291387379204,6882.613794400729
2023-07-18,6830.2,6865.98302169684,6870.241074544227,6894.243700138964
2023-07-20,6864.19,6831.341883093745,6836.2766365260195,6881.721688322461
2023-07-21,6880.8,6860.78890774313,6865.433015016351,6885.046705203689
2023-07-24,6899.4,6878.403885237014,6882.4648902792105,6897.560494844355
2023-07-25,6917.71,6896.799891867676,6900.389750720897,6907.084954738656
2023-07-26,6948.28,6915.048442307155,6918.155390537422,6916.931449853222
2023-07-27,6896.66,6944.726024006649,6947.134862967773,6930.704473480028
2023-07-28,6900.23,6898.423280333319,6901.48986750547,6920.313039441149
2023-07-31,6931.36,6898.557679295578,6901.998349612394,6910.673339805643
2023-08-01,6886.5,6927.844759354633,6930.7022498727265,6921.544349056523
2023-08-02,6854.51,6887.88842362348,6891.278881784715,6913.468543463389
2023-08-03,6898.08,6855.239688874516,6859.578541405831,6893.678541901745
2023-08-04,6852.84,6893.938212693967,6897.774297272005,6901.1548526239785
2023-08-07,6886.37,6854.398027654919,6858.668387910161,6895.558369172253
2023-08-08,6868.81,6882.901208572424,6886.959472889341,6896.997146520057
2023-08-09,6875.11,6868.5834011566985,6872.66938299719,6898.301964455881
2023-08-10,6893.28,6873.377498499191,6877.500376707351,6896.676662653723
2023-08-11,6879.98,6890.73308961574,6894.479842063226,6903.904058637658
2023-08-14,6910.17,6879.4409653401735,6883.269965401924,6903.380476685801
2023-08-15,6915.1,6906.804935354034,6910.2104416484035,6910.415970188419
2023-08-16,6900.54,6913.278890445273,6916.340978691022,6918.336097414534
2023-08-18,6859.91,6899.989837533274,6903.26875334684,6914.632446750443
2023-08-21,6866.03,6861.151666004095,6865.27560430411,6898.3723700684695
2023-08-22,6916.45,6864.348023932611,6868.707638750707,6891.861492753663
2023-08-23,6921.41,6911.804018262665,6915.21619537894,6909.539506928961
2023-08-24,6899.39,6919.55967611615,6922.456415888708,6921.702225174945
2023-08-25,6895.44,6899.307138379851,6902.552958642879,6915.578720936815
2023-08-28,6921.73,6894.254482048787,6897.757103099265,6909.686730417053
2023-08-29,6957.83,6918.5564672404935,6921.625588290733,6917.410249388258
2023-08-30,6966.66,6953.891940151498,6956.097060485527,6934.651428152365
2023-08-31,6953.26,6964.373507853792,6966.115859310077,6945.076500715657
2023-09-01,6977.65,6952.409233631536,6954.314735809609,6942.566125639721
2023-09-04,6996.75,6974.351609493541,6975.937455194044,6947.694436330839
2023-09-05,6991.71,6993.696605179955,6994.736477720191,6959.009339653299
2023-09-06,6995.95,6990.174385358144,6991.141887237479,6961.366621952103
2023-09-07,6954.81,6993.820946197559,6994.7558437884345,6961.691010059164
2023-09-08,6924.78,6955.671601669833,6957.301298974798,6949.198680814548
2023-09-11,6963.39,6925.083375212592,6927.595120651167,6930.824444850725
2023-09-12,6933.97,6959.272268288777,6961.352789046214,6937.097809878631
2023-09-13,6935.48,6934.19569207911,6936.4715282965135,6935.608458392662
2023-09-14,6959.33,6933.7824631035755,6936.280789330644,6929.94384464745
2023-09-15,6982.79,6956.144557771728,6958.2064881378865,6938.016237261934
2023-09-18,6936.08,6979.526926208782,6980.970021491695,6950.636113655612
2023-09-19,6980.32,6937.368004021688,6939.441931524916,6940.353817365809
2023-09-20,7011.68,6975.7799410582065,6977.463961606669,6944.968086931749
2023-09-21,6991.47,7007.8020580983675,7008.554102772526,6964.423513162182
2023-09-22,7016.84,6990.875545623351,6991.720749101092,6964.412446837471
2023-09-25,6998.38,7013.3108641970675,7013.876694687657,6968.434590463685
2023-09-26,6923.8,6997.647076254537,6998.325819455435,6967.739325343417
2023-09-27,6937.83,6926.868363046092,6929.02826141302,6939.622121284051
2023-09-29,6939.89,6935.346357145948,6937.889181374951,6928.5801786858265
2023-10-02,6961.46,6938.1392337727975,6940.526508914276,6932.185706213755
2023-10-03,6940.89,6958.406586939142,6960.393302495525,6939.631687966628
2023-10-04,6886.58,6940.5372649682,6942.706523170515,6937.4551384008355
2023-10-05,6874.83,6888.553721756973,6891.861958159841,6915.488587273399
2023-10-06,6888.52,6874.217272238171,6878.194504168069,6900.3037281454
2023-10-09,6891.46,6886.271369853057,6890.1050498325,6902.297424794474
2023-10-10,6922.19,6889.864770964421,6893.530206610002,6906.117995833198
2023-10-11,6931.75,6918.73934601311,6921.83401269142,6916.727084828655
2023-10-12,6935.15,6929.569761502785,6932.234186024112,6926.265998170417
2023-10-13,6926.78,6933.336733263177,6935.859777729554,6929.372015588326
2023-10-16,6896.29,6925.732384129804,6928.375296543282,6927.361331613702
2023-10-17,6939.62,6896.745465200582,6900.000852146187,6915.6941416693135
2023-10-18,6927.91,6935.312899612827,6938.057089582128,6923.406258189123
2023-10-19,6846.43,6927.064505894822,6929.649423527164,6928.664106933516
2023-10-20,6849.17,6850.261575099858,6854.393011610541,6899.7151961756135
2023-10-23,6741.96,6847.770617803963,6852.543927003774,6883.557819123901
2023-10-24,6806.76,6747.83927521052,6754.493639836035,6849.264494072231
2023-10-25,6834.39,6801.698767307427,6808.110823376803,6847.906542264255
2023-10-26,6714.52,6831.512325179011,6836.884405284555,6870.4507658839575
2023-10-27,6758.79,6721.302836167532,6728.569856316466,6840.167199482949
2023-10-30,6735.89,6755.20908548536,6762.705770655893,6840.167199482949
2023-10-31,6752.21,6736.570938361902,6744.099141873142,6840.167199482949
2023-11-01,6642.42,6750.389688145838,6757.822082623861,6840.167199482949
2023-11-02,6751.39,6648.89096742765,6658.135117058467,6840.167199482949
2023-11-03,6788.85,6743.831740167161,6752.070929185174,6840.167199482949
2023-11-06,6878.84,6785.560704612161,6792.210945221807,6844.054970002802
2023-11-07,6843.79,6871.905056771075,6876.639401131308,6881.15929666642
2023-11-08,6804.11,6844.755819997224,6849.349999529752,6888.589454609193
2023-11-09,6838.23,6805.534851885465,6811.13089578691,6868.351111761366
2023-11-10,6809.26,6834.93347429219,6840.259789456757,6871.145100191867
2023-11-13,6838.31,6809.99879525545,6815.550522146254,6868.862644864355
2023-11-14,6862.06,6835.327311343582,6840.608559676441,6872.248681666886
2023-11-15,6958.21,6859.302710676823,6863.9159460068095,6886.050896603502
2023-11-16,6958.01,6950.549030988261,6953.253118458435,6922.289955611866
2023-11-17,6977.67,6956.320688154742,6958.213391662881,6942.342859953089
2023-11-20,6994.89,6974.664646861004,6976.209898800301,6948.694801057622
2023-11-21,6961.79,6991.961183104564,6993.033918492247,6958.4086295551515
2023-11-22,6906.95,6962.123062129066,6963.637829963611,6951.2469334102125
2023-11-23,7004.34,6908.868184371034,6911.637506274024,6926.48629042868
2023-11-24,7009.63,6996.402088868667,6997.906333352377,6946.684815192267
2023-11-27,7013.41,7007.376521714977,7007.961382147125,6968.782610862301
2023-11-28,7041.07,7011.233652994684,7011.706609096578,6971.118820603537
2023-11-29,7036.09,7037.2939168763705,7037.2433944500035,6980.905252465058
2023-11-30,7080.74,7034.3581346965375,7034.161785000617,6985.073119937229
2023-12-01,7059.91,7075.738897751628,7074.791641041099,6998.552110282232
2023-12-04,7093.6,7059.057085503397,7058.101296346244,7001.120118156722
2023-12-05,7100.85,7089.222283599437,7087.84468130833,7007.718388409666
2023-12-06,7087.4,7098.079376888337,7096.287407962145,7017.125333243661
2023-12-07,7134.62,7085.970438911975,7084.356048299134,7014.268101284556
2023-12-08,7159.6,7129.225909769601,7126.886778311794,7026.810694396549
2023-12-11,7088.79,7155.475749101707,7152.292681105205,7044.814725600536
2023-12-12,7125.31,7090.90901901728,7088.771925553144,7027.012732390219
2023-12-13,7075.34,7120.619360140626,7118.433761010234,7024.073744078927
2023-12-14,7176.02,7076.225867750703,7074.618303095161,7015.4638848949
2023-12-15,7190.99,7167.133449931214,7164.161159222195,7037.75135943895
2023-12-18,7119.52,7187.34986697681,7183.258377829861,7063.685653381405
2023-12-19,7187.85,7121.54660438544,7118.597687408988,7043.574573267753
2023-12-20,7219.67,7180.916815917563,7177.359975047182,7050.8427181482875
2023-12-21,7209.62,7214.861319037751,7210.160096083954,7075.488147244512
2023-12-22,7237.52,7207.449570494964,7202.6571796417975,7078.877545313894
2023-12-26,7237.52,7232.876726837236,7227.674002869206,7085.848295645774
2023-12-27,7245.92,7234.6056590820135,7229.166508774834,7091.6859887779365
2023-12-28,7303.89,7242.448735729534,7236.860345174152,7094.417819627584
2023-12-29,7272.8,7297.0954365230455,7290.406153506125,7115.02833228356
2024-01-02,7323.59,7271.659334039769,7265.030915808758,7117.046643748347
2024-01-03,7279.09,7317.154959974376,7309.887849329796,7127.059340580767
2024-01-04,7359.76,7278.753055026614,7271.84596191772,7123.214154726331
2024-01-05,7350.62,7351.316394085975,7343.353604626745,7140.138547017641
2024-01-08,7283.58,7347.781479017825,7339.297382925838,7154.045038794347
2024-01-09,7200.2,7284.6203790188665,7277.404359630429,7126.779734890526
2024-01-10,7227.3,7202.614620832279,7197.447888275457,7089.186188764633
2024-01-11,7219.96,7222.750729456024,7217.809305201844,7080.553628101408
2024-01-12,7241.14,7217.576757247523,7212.536046341733,7083.836810138286
2024-01-15,7224.0,7236.897525956709,7231.542821015197,7089.189136337102
2024-01-16,7242.79,7222.206566208677,7216.976745258645,7088.04646074301
2024-01-17,7200.63,7238.688408935148,7233.27025361784,7090.57103070742
2024-01-18,7252.97,7200.48843855746,7195.659746022297,7080.791398947298
2024-01-19,7227.4,7246.745210442622,7241.344223442155,7088.991959252418
2024-01-22,7247.93,7226.114168202954,7220.723782121018,7091.627502734722
2024-01-23,7256.23,7243.698299609501,7238.159966074306,7092.954013769688
2024-01-24,7227.82,7252.720198397716,7246.860424327929,7099.948965222897
2024-01-25,7178.04,7226.708388470488,7221.282838366107,7092.4462039161335
2024-01-26,7137.09,7178.46857256658,7174.168064333271,7070.3124168348895
2024-01-29,7157.17,7137.149036279983,7133.997719327277,7046.57902871495
2024-01-30,7192.22,7153.359909186431,7150.199077262946,7044.541273614223
2024-01-31,7207.94,7187.330216493679,7183.376590999436,7060.141533613262
2024-02-01,7201.7,7204.17988523729,7199.650035181119,7072.587735934316
2024-02-02,7238.79,7199.327870681359,7194.775525993182,7073.84753875023
2024-02-05,7198.62,7233.571733398515,7228.413636711913,7084.604213216365
2024-02-06,7247.41,7198.3637559247745,7193.604719181133,7079.300754666388
2024-02-07,7235.15,7241.429341061194,7236.14413677581,7086.763180770934
2024-02-12,7297.67,7233.00579948433,7227.5248143328,7092.984523730339
2024-02-13,7209.74,7290.620447195852,7284.13299532541,7110.751973459784
2024-02-15,7303.28,7212.395183404758,7206.939692169502,7095.236882791581
2024-02-16,7335.54,7294.283814369524,7287.912041790569,7107.259772336545
2024-02-19,7296.7,7330.201381131499,7322.463744839517,7137.323149902886
2024-02-20,7352.6,7295.935954594696,7288.614805121506,7131.44165687806
2024-02-21,7349.02,7345.72241865644,7337.737548259586,7141.494637200899
2024-02-22,7339.64,7345.843837957473,7337.44878958115,7152.026572194167
2024-02-23,7295.1,7336.864032572597,7328.665851010172,7148.226944433518
2024-02-26,7283.82,7294.696060820902,7287.368550796592,7131.779128069943
2024-02-27,7285.32,7281.403956912839,7274.654274516188,7118.791348091428
2024-02-28,7328.64,7282.105427448832,7275.42478030213,7116.9190190315885
2024-02-29,7316.11,7322.645925502865,7315.183137415735,7131.321323524779
2024-03-01,7311.91,7313.631318078127,7306.02389209279,7136.3104260564505
2024-03-04,7276.75,7308.933301255789,7301.506659715261,7132.322722487515
2024-03-05,7247.46,7275.8444732523785,7269.077932809672,7120.009316062991
2024-03-06,7329.8,7246.317709010918,7240.369404343444,7103.126965463223
2024-03-07,7373.96,7321.382864843695,7314.220263742295,7123.776934220856
2024-03-08,7381.91,7367.717307849023,7359.072491489741,7155.366947479316
2024-03-13,7421.21,7377.876762763356,7368.716534916255,7167.192297957013
2024-03-14,7433.31,7415.063440464834,7405.137774587967,7181.636747565341
2024-03-15,7328.05,7428.796594295602,7418.322835074762,7187.1321603084325
2024-03-18,7302.45,7331.2659719110425,7322.559359953491,7141.339139825172
2024-03-19,7336.75,7300.840508337106,7293.480678439225,7131.744481165474
2024-03-20,7331.13,7331.279727249234,7323.52766336569,7137.543028466767
2024-03-21,7338.35,7328.1579894448205,7320.214953892319,7142.8920451105305
2024-03-22,7350.15,7334.550912149041,7326.527361327498,7144.064196429319
2024-03-25,7377.76,7346.015883108468,7337.721569314092,7149.412437396117
2024-03-26,7365.66,7372.526349901054,7363.641694223973,7160.860705444881
2024-03-27,7310.09,7362.939706570002,7354.035865815969,7160.494172222683
2024-03-28,7288.81,7310.304594707575,7302.490269819584,7137.326562881536
2024-04-01,7205.06,7286.991933773839,7280.02661318072,7123.550643394058
2024-04-02,7236.98,7207.476512341574,7202.179104071929,7091.861136636795
2024-04-03,7166.84,7232.089983546811,7226.935506686049,7084.718599712909
2024-04-04,7254.4,7168.578846389125,7164.399654033254,7068.586587297975
2024-04-05,7286.88,7245.98644323476,7240.846445677358,7082.386966465771
2024-04-16,7164.81,7281.738790803039,7275.279832133137,7111.270642790857
2024-04-17,7130.84,7169.775767659019,7165.209719344447,7078.36725329405
2024-04-18,7166.81,7130.493624490565,7127.565495656793,7041.778260550554
2024-04-19,7087.32,7161.973439908096,7158.694291391441,7046.368613410052
2024-04-22,7073.82,7089.9832744146,7087.811223775208,7028.0432450950675
2024-04-23,7110.81,7072.452457871495,7071.193844426929,7007.020692834905
2024-04-24,7174.53,7106.153139865461,7104.351966239276,7016.225806522421
2024-04-25,7155.29,7167.94030911095,7164.693790738652,7044.688341966923
2024-04-26,7036.08,7153.924757152864,7150.479924036332,7051.763601841983
2024-04-29,7155.78,7041.426982308681,7040.262691183145,7008.968676254801
2024-04-30,7234.2,7145.802591933079,7143.5225153482625,7022.954390505605
2024-05-01,7234.2,7226.44046964653,7221.753002030925,7073.503396736442
2024-05-02,7117.42,7231.300137548524,7225.9480181968975,7089.911601862968
2024-05-03,7134.72,7122.263588460748,7118.985681027238,7051.932647708711
2024-05-06,7135.89,7131.179581487244,7128.584218071765,7033.124394626671
2024-05-07,7123.61,7133.344133915967,7130.581327699488,7037.12471587425
2024-05-08,7088.79,7121.95088721997,7119.396272701089,7033.375869098955
2024-05-13,7099.26,7088.6787408936625,7086.846695324242,7019.482408695273
2024-05-14,7083.76,7096.296716085733,7094.57378240949,7015.601800259404
2024-05-15,7179.83,7082.473273456157,7080.936967657864,7012.751601104788
2024-05-16,7246.7,7171.212528246711,7168.101236225436,7040.752195060308
2024-05-17,7317.24,7239.602052977163,7234.4886869955835,7082.600691325724
2024-05-20,7266.69,7309.608502198544,7302.675553190793,7119.533153829639
2024-05-21,7186.04,7266.781722143969,7260.14875327476,7117.852830674712
2024-05-22,7222.38,7188.346922148538,7183.574854031873,7081.047165498793
2024-05-27,7176.42,7217.2794144106665,7212.545457888917,7075.990785918295
2024-05-28,7253.63,7176.618944985938,7172.39326372392,7068.647348660289
2024-05-29,7140.23,7245.861197260697,7240.653612383682,7084.140978932441
2024-05-30,7034.14,7144.765201559134,7140.91748182661,7063.41633833891
2024-05-31,6970.74,7038.682378644998,7037.680152293498,7005.186682217171
2024-06-03,7036.19,6972.911927189278,6973.934993395256,6962.370089386747
2024-06-04,7099.31,7030.093255891854,7030.491126463467,6970.390123806046
2024-06-05,6947.67,7093.083758670153,7091.80580501324,7004.61231927996
2024-06-06,6974.9,6955.410198532388,6956.290721167967,6968.503160307454
2024-06-07,6897.95,6971.437572124647,6973.119627624797,6945.630437492772
2024-06-10,6921.55,6901.277357872763,6904.0954181451,6926.302377420109
2024-06-11,6855.69,6918.543952985447,6921.595000762384,6917.876896650831
2024-06-12,6850.1,6858.51345936421,6862.534284339581,6901.39598473672
2024-06-13,6831.56,6849.212782274517,6853.8911227578255,6885.797793209589
2024-06-14,6734.83,6831.555737233192,6836.610746451051,6878.598631867207
2024-06-19,6726.92,6740.09075358512,6747.02101357939,6843.261064628395
2024-06-20,6819.32,6726.710933540184,6734.601507473905,6840.167199482949
2024-06-21,6879.98,6812.493915351061,6818.810330450564,6848.844387427601
2024-06-24,6889.17,6874.857696996963,6879.313547470606,6887.905436804927
2024-06-25,6882.7,6887.197373014726,6890.975876506009,6903.586393064299
2024-06-26,6905.64,6881.725902833975,6885.541431972421,6903.405091501513
2024-06-27,6967.95,6902.743852744141,6906.206784989873,6909.511841117183
2024-06-28,7063.58,6962.343845649408,6964.505553929255,6934.576032351298
2024-07-01,7139.63,7055.494142640886,7055.429140911159,6978.714068460512
2024-07-02,7125.14,7132.427594013279,7130.201297698086,7023.456046655231
2024-07-03,7196.75,7123.611146197383,7120.997735364501,7034.655994651372
2024-07-04,7220.89,7189.574922208858,7185.812320095372,7054.913005458173
2024-07-05,7253.37,7216.551881128625,7211.753595130518,7077.747125415861
2024-07-08,7250.98,7248.374183782418,7242.794377385456,7093.361089041294
2024-07-09,7269.8,7248.155442878086,7242.3427782560175,7099.379825177254
2024-07-10,7287.04,7265.579422847113,7259.4528159011215,7105.000328759017
2024-07-11,7300.41,7282.842579125248,7276.250204017245,7114.544930398528
2024-07-12,7327.58,7296.394431393231,7289.418354746187,7122.500273358886
2024-07-15,7278.86,7322.591369556276,7315.0194178641705,7134.133928202456
2024-07-16,7224.29,7278.785530035579,7271.848754354797,7123.974214729135
2024-07-17,7224.22,7224.81475414999,7219.260183110313,7096.033141052784
2024-07-18,7321.07,7221.367800849752,7216.276929500178,7084.592422926486
2024-07-19,7294.5,7311.791515739051,7304.98096855649,7116.07513420469
2024-07-22,7321.98,7292.985072569932,7285.82567759999,7127.698550112313
2024-07-23,7313.86,7316.996359890786,7309.574010429468,7131.076106180018
2024-07-24,7262.76,7311.117814438429,7303.606727532234,7134.185122882193
2024-07-25,7240.28,7262.902871909222,7256.36836230286,7115.867511336867
2024-07-26,7288.17,7238.746843266565,7233.044635044414,7097.864669504227
2024-07-29,7288.9,7282.068246666276,7275.705937346302,7108.735782178703
2024-07-30,7241.86,7285.717599942767,7278.936476773106,7118.993489508693
2024-07-31,7255.76,7241.841949495155,7235.890180137235,7103.847931346955
2024-08-01,7325.98,7251.905272177537,7246.105225234111,7098.526063396992
2024-08-02,7308.12,7318.330472560016,7311.165441004124,7124.271195583408
2024-08-05,7059.65,7306.00625836977,7298.563275901164,7133.155334142512
2024-08-06,7129.21,7072.904987813293,7070.026657440721,7033.080387886816
2024-08-07,7212.13,7122.4549738240885,7120.44710814244,7019.244999831967
2024-08-08,7195.12,7204.1873317361615,7200.117096138074,7060.766418976841
2024-08-13,7356.64,7291.937081277454,7285.265121712768,7115.310782122676
2024-08-14,7436.04,7349.552194395156,7341.487739541621,7143.0030703402235
2024-08-15,7409.5,7427.344113321404,7417.369217813113,7181.172323910069
2024-08-16,7432.09,7407.484300832846,7397.307884448863,7176.114341263841
2024-08-19,7466.83,7426.931815158228,7416.57906154404,7187.247477617336
2024-08-20,7533.98,7460.768137197598,7449.606869626147,7200.911596198155
2024-08-21,7554.59,7525.61845478069,7512.970059330573,7227.810004897194
2024-08-22,7488.68,7549.023007578964,7535.439455978983,7232.986045577603
2024-08-23,7544.3,7488.760560689079,7476.172978313075,7203.601540491654
2024-08-26,7606.19,7536.608142607324,7523.591248886696,7231.043698743659
2024-08-27,7597.88,7597.84111651671,7583.253425228713,7254.548365582307
2024-08-28,7658.88,7593.917432153344,7578.952865283607,7247.610969359954
2024-08-29,7627.6,7650.357653226978,7634.380052240019,7274.219430009209
2024-08-30,7670.73,7624.9319965268405,7608.992972540977,7257.481510460457
2024-09-02,7694.53,7663.263676853307,7646.823772394782,7277.680190359436
2024-09-03,7616.52,7688.158356814514,7670.930054288038,7285.533661078298
2024-09-04,7672.9,7616.795869121674,7600.751559915662,7250.787004551967
2024-09-05,7681.04,7664.603115837701,7648.218543002731,7279.214686244809
2024-09-06,7721.85,7675.6972614957185,7658.690182039864,7279.631121351801
2024-09-09,7702.74,7714.305703363551,7696.504847812784,7296.685775661553
2024-09-10,7761.39,7698.991875012052,7681.184503774772,7286.266779234493
2024-09-11,7760.96,7752.568710422654,7733.881514659063,7312.456581169453
2024-09-12,7798.15,7755.801628592152,7736.62513579859,7309.074577887144
2024-09-13,7812.13,7790.498900351667,7770.665460879943,7325.044266969054
2024-09-17,7831.78,7805.856787154818,7785.459792511605,7329.010923836319
2024-09-18,7829.13,7825.070098748353,7804.205732877398,7336.674250274986
2024-09-19,7905.39,7823.813605487492,7802.8295785166265,7334.466673630565
2024-09-20,7743.0,7894.852687597429,7872.53666814104,7367.309818883035
2024-09-23,7775.73,7747.956121490139,7727.878085215227,7293.522564995373
2024-09-24,7778.49,7768.45271305575,7749.1696939588965,7316.410206663695
2024-09-25,7740.9,7773.057958912989,7753.4484315253685,7315.8092638624585
2024-09-26,7744.52,7738.1315004660055,7719.166405501499,7299.540990860547
2024-09-27,7696.92,7739.181973924773,7720.47109415783,7303.142562435951
2024-09-30,7527.93,7694.962595157755,7677.066486475596,7282.535359335028
2024-10-01,7642.13,7534.2281588293245,7519.737065179458,7212.67116926916
2024-10-02,7563.26,7630.383557665471,7615.296330411556,7270.851182065092
2024-10-03,7543.83,7563.8201316477025,7549.165938987846,7230.807117269116
2024-10-04,7496.09,7540.791109924429,7527.150365076176,7226.776027501898
2024-10-07,7504.13,7495.012517032731,7482.384496030913,7207.3654871118815
2024-10-08,7557.14,7499.5609833360795,7487.194727454293,7213.415715732649
2024-10-09,7501.29,7549.554191165084,7536.178314144724,7235.706913526135
2024-10-10,7480.08,7500.692540893663,7487.859327478515,7208.8694213248045
2024-10-11,7520.6,7477.4278167964085,7465.444745335683,7202.820071804597
2024-10-14,7559.65,7513.946688342205,7501.423745713342,7221.350580821113
2024-10-15,7626.95,7552.918353877182,7539.358279433363,7235.885215804654
2024-10-16,7648.94,7618.175850155476,7603.089450290323,7262.612975571236
2024-10-17,7735.04,7642.878265652782,7626.8308537389075,7268.372532177053
2024-10-18,7760.06,7724.631825401917,7706.868822887076,7304.091473924007
2024-10-21,7772.6,7753.328460154671,7734.391186137334,7310.125258193102
2024-10-22,7788.98,7766.587468512197,7747.21540169968,7314.13804198393
2024-10-23,7787.56,7782.658357582233,7762.889247586866,7320.477753248302
2024-10-24,7716.55,7782.347673101566,7762.464797151228,7318.975784083692
2024-10-25,7694.66,7715.958102147712,7697.348680927885,7288.60565213331
2024-10-28,7634.63,7691.119167504441,7673.500234058032,7283.091209448659
2024-10-29,7606.6,7633.7130734731,7617.345979225757,7258.545118715843
2024-10-30,7569.85,7603.821689345957,7588.461216952919,7249.799257503827
2024-10-31,7574.02,7567.771430111047,7553.301331451054,7235.569877262193
2024-11-01,7505.26,7569.387527213213,7555.154785704727,7239.361489694196
2024-11-04,7479.5,7505.445268797983,7492.398589081871,7209.651407129839
2024-11-05,7491.93,7477.132439007864,7465.1258903909775,7202.354924184157
2024-11-06,7383.87,7487.1417745734325,7475.132950637446,7209.089093041494
2024-11-07,7243.86,7387.017288415527,7376.822359207962,7162.0775357568955
2024-11-08,7287.19,7249.594633920272,7242.802392714102,7107.935748956266
2024-11-11,7266.46,7281.375050017917,7274.99991617211,7109.166076047483
2024-11-12,7321.99,7264.704872924171,7258.330566467127,7111.490521354738
2024-11-13,7308.67,7315.268099899378,7308.083262724962,7125.212453725402
2024-11-14,7214.56,7306.272470704403,7298.853585933532,7132.499369988507
2024-11-15,7161.26,7217.577274365501,7211.9428085983545,7099.106062920155
2024-11-18,7134.28,7161.979541900227,7158.089418493578,7062.080829451142
2024-11-19,7195.71,7133.485565682715,7130.526409770316,7042.154205319936
2024-11-20,7180.33,7189.170277391744,7185.348723828864,7056.48721600419
2024-11-21,7140.91,7178.616933714222,7174.547835775684,7064.338669962941
2024-11-22,7195.56,7140.857702988453,7137.619148233003,7048.300514460858
2024-11-25,7314.11,7189.441092076374,7185.566016802859,7057.825672464427
2024-11-26,7245.89,7303.516955851402,7297.072993602837,7107.8149501968055
2024-11-28,7200.16,7247.166971864779,7240.929960230667,7110.433377074066
2024-11-29,7114.27,7200.241669858768,7195.395136753394,7081.287211663783
2024-12-02,7046.99,7117.212948889796,7114.279545452659,7043.785815961416
2024-12-03,7196.02,7049.071589076575,7048.061140549238,7003.934015629342
2024-12-04,7326.76,7184.05044743545,7180.963149688315,7038.323912463243
2024-12-05,7313.31,7315.356733920661,7308.684153814402,7112.025221343103
2024-12-06,7382.79,7310.900418040838,7303.3586143268,7135.006409653491
2024-12-09,7437.73,7374.939946347568,7366.278065095041,7154.788344174692
2024-12-10,7453.29,7430.542591433626,7420.31601460586,7187.193490500522
2024-12-11,7464.75,7448.47541549216,7437.506929502588,7194.7984343195685
2024-12-12,7394.24,7460.1399422789655,7448.835846722228,7198.863912432267
2024-12-13,7324.79,7395.015345320798,7384.8665947485915,7168.005879670451
2024-12-16,7258.63,7325.800965705006,7317.483329889861,7142.071482304401
2024-12-17,7157.73,7259.724044280132,7253.170194461425,7116.81130335695
2024-12-18,7107.88,7161.4146422219965,7157.213730911085,7070.1538167513
2024-12-19,6977.24,7108.6173104501395,7106.157018250289,7032.8298442268915
2024-12-20,6983.87,6983.550569477129,6983.833226163435,6979.913006490517
2024-12-23,7096.44,6981.645222434449,6982.9173326582195,6954.734739030644
2024-12-24,7065.75,7087.161827019513,7086.378289860547,6992.731766458203
2024-12-27,7036.57,7065.482690063773,7064.290216008482,7006.3043810129675
2024-12-30,7079.9,7036.335748976523,7035.9216409004275,6990.393126262476
2025-01-02,7163.21,7074.984319199382,7074.047921966373,6998.379341166069
2025-01-03,7164.43,7155.455426365205,7152.671987141439,7034.539436259323
2025-01-06,7080.47,7161.757181170055,7158.246001817057,7052.3675439274875
2025-01-07,7083.28,7083.439973802626,7081.409768624365,7025.31751623755
2025-01-08,7080.35,7080.860692756236,7079.492140029728,7008.6639903426685
2025-01-09,7064.59,7078.299097144663,7076.958779059708,7008.299060186198
2025-01-10,7088.87,7063.402583000718,7062.367002539692,7002.560550282052
2025-01-13,7016.88,7085.095992412627,7083.762758843958,7007.159280452779
2025-01-14,6956.67,7019.384104567818,7019.123735666328,6988.827086180498
2025-01-15,7079.56,6958.705222570941,6960.124530426905,6954.182870725438
2025-01-16,7107.52,7069.715455842076,7069.4623265922655,6981.550874259519
2025-01-17,7154.66,7103.437029402318,7101.645629305902,7016.356895929627
2025-01-20,7170.74,7149.183922962018,7146.318261979885,7037.537893137986
2025-01-21,7181.82,7167.118970627855,7163.568128326008,7052.630705266055
2025-01-22,7257.13,7178.460764085125,7174.576846094202,7059.5986631608575
2025-01-23,7232.64,7249.463751360257,7244.148295673211,7086.409161803783
2025-01-24,7166.06,7231.264559831696,7225.745773356037,7094.202026295723
2025-01-30,7073.48,7167.581687793801,7163.453069576094,7067.424830050526
2025-01-31,7109.2,7077.014524377643,7075.094620463907,7023.385304915958
2025-02-03,7030.06,7104.628831204238,7102.859150062862,7015.631120848708
2025-02-04,7073.46,7032.9499707329815,7032.283198813254,6997.367186149409
2025-02-05,7024.23,7068.5679710507975,7067.801085090695,6994.922821183254
2025-02-06,6875.54,7025.291815474086,7025.031498284393,6987.993155874658
2025-02-07,6742.58,6883.410285365022,6886.208307315744,6929.335817329926
2025-02-10,6648.14,6750.0523074496,6756.4721461445315,6854.983663764033
2025-02-11,6531.99,6653.634923718283,6662.8590932032575,6840.167199482949
2025-02-12,6645.78,6590.871458355861,6600.683106182742,6840.156055590542
2025-02-13,6613.57,6638.381210331627,6649.432150782654,6840.167199482949
2025-02-14,6638.46,6615.358510375624,6626.017145737267,6840.167199482949
2025-02-17,6830.88,6636.602072395243,6647.091603714386,6840.167199482949
2025-02-18,6873.55,6817.805544365077,6824.666407126814,6840.167199482949
2025-02-19,6794.87,6869.5704242396705,6874.042486361896,6888.233056899347
2025-02-20,6788.04,6798.751737811592,6804.25969066563,6871.572937750256
2025-02-21,6803.0,6787.498836934592,6793.794955153491,6852.889103253517
2025-02-24,6749.6,6801.043656398085,6807.131919046072,6856.325274643931
2025-02-25,6587.09,6752.111535874328,6759.021498987995,6842.088784030111
2025-02-26,6606.18,6597.068031364161,6607.317076968034,6840.167199482949
2025-02-27,6485.45,6604.821523786117,6616.10884532847,6840.167199482949
2025-02-28,6270.6,6611.011118933712,6616.972115615537,6839.863987357052
2025-03-03,6519.66,6646.882849650988,6652.843843100825,6838.645424699815
2025-03-04,6380.4,6473.111067585934,6479.072061035771,6839.427255369456
2025-03-05,6531.4,6618.308733074969,6624.269726524806,6839.2192963749485
2025-03-06,6617.85,6509.601019308858,6515.562015990683,6839.677307767303
2025-03-07,6636.0,6612.266619974454,6623.818663905269,6840.167199482949
2025-03-10,6598.21,6634.570412822672,6645.0673712487605,6840.167199482949
2025-03-11,6545.85,6600.4109308314355,6611.425281953593,6840.167199482949
2025-03-12,6665.04,6579.966846132429,6589.949268939274,6840.132035460503
2025-03-13,6647.42,6657.223017906408,6667.814408539098,6840.167199482949
2025-03-14,6515.63,6648.157532536695,6658.051686536829,6840.167199482949
2025-03-17,6471.95,6601.60270354547,6611.512868810972,6840.078306902678
2025-03-18,6223.39,6582.355407604875,6588.316404286699,6839.639920137556
2025-03-19,6311.66,6659.61912930132,6665.580122751157,6838.400827896627
2025-03-20,6381.67,6533.796180854436,6539.75717753626,6838.371403883727
2025-03-21,6258.18,6540.336740741131,6546.297737422955,6838.85547802213
2025-03-24,6161.22,6612.891650777464,6618.852647459289,6838.402896368535
2025-03-25,6235.62,6603.371017556195,6609.33201423802,6837.730306871565
2025-03-26,6472.36,6539.248853796717,6545.209850478542,6837.905584009917
2025-03-27,6510.62,6477.878475176831,6483.839468626668,6839.144055709274
